cartodb_id,the_geom,name,iso2,population
2399409,0101000020E61000001FC8410933AD02C01227F73B141D4440,Valdecañas,ES,0
2400640,0101000020E610000032FE7DC685830DC0A36B26DF6C974440,Tejadilla,ES,0
2409487,0101000020E6100000AACFD556ECAF06C05A423EE8D9784440,Matillas,ES,178
2406908,0101000020E6100000D5C05609168705C0409FC893A48B4440,Palazuelos,ES,0
2414258,0101000020E6100000F47F0EF3E54505C0826E2F698CAE4440,Fuentegelmes,ES,0
2419976,0101000020E61000002CC03E3A75250DC01261C3D32B854440,Braojos,ES,193
2399308,0101000020E61000001227F73B14450DC0F86184F0686F4440,Valdemanco,ES,840
2400993,0101000020E61000008BD651D5045101C0E1AFC91AF5184440,Sotos,ES,0
2399892,0101000020E610000091CB7F48BFBD04C08989CDC7B5594440,Trillo,ES,1353
2399893,0101000020E61000001A649291B3F007C0EB4CA1F31A634440,Trijueque,ES,1055
2412559,0101000020E6100000C58A1A4CC33006C07D1D386744254440,Jabalera,ES,0
2398865,0101000020E6100000AD122C0E67BE00C0B9F2599E074F4440,Valsalobre,ES,65
2400112,0101000020E610000072417DCB9CAE04C0845AD3BCE3484440,Torronteras,ES,0
2405344,0101000020E61000003302F1BA7E810DC0F545425BCE914440,Prádena,ES,542
2419934,0101000020E6100000681D554D10F506C0AE777FBC57614440,Brihuega,ES,2776
2384072,0101000020E610000052D0ED258D9104C0A8A44E4013014440,Torrejoncillo del Rey,ES,646
2386876,0101000020E6100000F7DA334B02940CC076280AF489004440,Ontígola,ES,1965
2389118,0101000020E6100000125CACA8C1740DC04C452A8C2D004440,Las Infantas,ES,0
2395127,0101000020E610000032333333333301C0FEFFFFFFFFFF4340,Ballesteros,ES,0
2396681,0101000020E6100000B4F81400E31907C04156B77A4E2A4440,Zorita de los Canes,ES,99
2396707,0101000020E610000024016A6AD95A08C0A7D903ADC0884440,Zarzuela de Jadraque,ES,49
2396708,0101000020E61000004785B18520C709C00B76C3B645914440,Zarzuela de Galve,ES,0
2396710,0101000020E61000006C861BF0F9E100C044813E9127214440,Zarzuela,ES,262
2396718,0101000020E6100000B7A5D590B80709C0F3D6C05609024440,Zarza de Tajo,ES,267
2396754,0101000020E61000003FA4DFBE0E9C01C0E74D452A8C614440,Zaorejas,ES,195
2396815,0101000020E610000003A3923A014D09C04D452A8C2D604440,Yunquera de Henares,ES,2420
2396822,0101000020E610000031333333333303C01C03B2D7BB9B4440,Yuba,ES,0
2396846,0101000020E6100000349886E1232204C01C03B2D7BB9B4440,Yelo,ES,57
2396849,0101000020E61000003992CB7F48BF06C06C693524EE514440,Yélamos de Arriba,ES,119
2396850,0101000020E610000020E527D53EDD06C037328FFCC1504440,Yélamos de Abajo,ES,81
2396851,0101000020E61000006CC0E787114206C0D2DEE00B93694440,Yela,ES,0
2396859,0101000020E610000096FF907EFBBA07C04A02D4D4B22D4440,Yebra,ES,515
2396860,0101000020E610000075D66EBBD0DC08C022F3C81F0C444440,Yebes,ES,246
2396976,0101000020E6100000B5EEE6A90EB90AC052793BC269654440,Viñuelas,ES,117
2396994,0101000020E61000005CDC4603780B03C03958FFE7304B4440,Vindel,ES,30
2397117,0101000020E61000007CAEB6627F590DC0FD3EE3C281804440,Villavieja del Lozoya,ES,197
2397122,0101000020E6100000C186A757CAB206C0AF6D516683644440,Villaviciosa de Tajuña,ES,0
2397149,0101000020E610000075711B0DE0ED03C061B48EAA26804440,Villaverde del Ducado,ES,0
2397169,0101000020E61000009999999999990DC0CCCCCCCCCC2C4440,Villaverde,ES,126802
2397247,0101000020E610000079F7C77BD5CA0AC020A64412BD684440,Villaseca de Uceda,ES,77
2397250,0101000020E61000006E1283C0CA6106C0CF44D8F0F47A4440,Villaseca de Henares,ES,56
2397257,0101000020E61000001400E31934B401C04CF8A57EDE284440,Villaseca,ES,0
2397261,0101000020E610000052B3075A81E104C03637A6272CAD4440,Villasayas,ES,94
2397391,0101000020E610000013747B49633408C0442A8C2D048D4440,Villares de Jadraque,ES,51
2397399,0101000020E610000013ED2AA4FCE403C0D62AC1E270024440,Villarejo-Sobrehuerta,ES,0
2397400,0101000020E6100000ACA3AA09A22E0AC02644C02154154440,Villarejo de Salvanés,ES,6420
2397402,0101000020E6100000504EB4AB90B202C0D8CEF753E3794440,Villarejo de Medina,ES,0
2397404,0101000020E6100000F95C6DC5FEB203C068006F8104214440,Villarejo del Espartal,ES,0
2397406,0101000020E61000006358C51B994703C08004C58F310B4440,Villarejo de la Peñuela,ES,34
2397411,0101000020E6100000ABC090D5AD9E0CC0531D7233DC984440,Villarejo,ES,0
2397449,0101000020E61000001A2AC6F99B9001C0C35F9335EA014440,Villar de Olalla,ES,1028
2397458,0101000020E610000051448655BCD102C0BA9BA73AE4124440,Villar del Saz de Navalón,ES,0
2397467,0101000020E610000071BA2C2636DF09C0075053CBD62A4440,Villar del Olmo,ES,1835
2397469,0101000020E6100000BB22F8DF4A3603C0C798BB96900F4440,Villar del Maestre,ES,0
2397470,0101000020E6100000BD30992A18D503C0FB8C0B07423A4440,Villar del Infantado,ES,50
2397472,0101000020E61000004C97C5C4E6A303C0AF169F0260084440,Villar del Horno,ES,0
2397492,0101000020E610000085E63A8DB45402C0E5577380601E4440,Villar de Domingo García,ES,272
2397496,0101000020E610000081A8FB00A47601C0E00B93A982694440,Villar de Cobeta,ES,0
2397639,0101000020E6100000EA39E97DE36B02C0ADB14B546F054440,Villanueva de los Escuderos,ES,0
2397653,0101000020E6100000FBD98F1491610AC009850838844A4440,Villanueva de la Torre,ES,4892
2397674,0101000020E6100000B359F5B9DA0A04C053E3A59BC41C4440,Villanueva de Guadamajud,ES,110
2397688,0101000020E6100000FD3EE3C2815007C0E32CEC6987734440,Villanueva de Argecilla,ES,48
2397691,0101000020E610000033A2B437F80202C0BAD573D2FB564440,Villanueva de Alcorón,ES,296
2397858,0101000020E61000002EF0DC7BB8E409C0F7FC304278084440,Villamanrique de Tajo,ES,664
2397921,0101000020E6100000149161156F640AC0F2716DA818374440,Villalbilla,ES,8055
2397922,0101000020E6100000302592E8655402C0506B9A779C1A4440,Villalbilla,ES,0
2397927,0101000020E610000059EB8B84B61C05C09B8A54185B2C4440,Villalba del Rey,ES,658
2397933,0101000020E6100000F3E0EEACDDB600C0ED940ED6FF1D4440,Villalba de la Sierra,ES,659
2398037,0101000020E61000003D8C101E6DDC08C02D8672A25D4D4440,Villaflores,ES,0
2398065,0101000020E6100000FFA33671723F04C094607138F34B4440,Villaescusa de Palositos,ES,0
2398107,0101000020E6100000371092054C6005C04BE0D6DD3C954440,Villacorza,ES,0
2398111,0101000020E61000000DD1E80E62E70AC0F50B76C3B6A94440,Villacorta,ES,0
2398113,0101000020E6100000C9E02879758E02C016BCE82B48334440,Villaconejos de Trabaque,ES,486
2398114,0101000020E610000021A12DE752DC0BC01A12F758FA0C4440,Villaconejos,ES,3010
2398149,0101000020E610000008F4893C49BA09C0F1B5679604A44440,Villacadima,ES,0
2398473,0101000020E6100000CBCCCCCCCCCC0CC03233333333334440,Vicálvaro,ES,66439
2398482,0101000020E6100000381E3350197F04C0C876BE9F1A534440,Viana de Mondéjar,ES,0
2398484,0101000020E61000009B508880432806C0E49B6D6E4C834440,Viana de Jadraque,ES,42
2398524,0101000020E6100000FFDD02098ADF04C0CD6BEC12D50F4440,Verdelpino de Huete,ES,0
2398535,0101000020E61000002D2FC03E3AF50CC017ADA3AA09664440,Venturada,ES,1193
2398544,0101000020E610000054EC2FBB278F0DC0CFF23CB83B974440,Ventosilla,ES,0
2398568,0101000020E6100000CE31207BBDBB09C04763B48EAA4A4440,Ventas de Tierra,ES,0
2398612,0101000020E6100000146F641EF98306C093F6065F98104440,Vellisca,ES,163
2398621,0101000020E610000052573ECBF3E00BC057E71890BD2E4440,Velilla de San Antonio,ES,11553
2398622,0101000020E6100000438655BC91B902C0BDA4315A47954440,Velilla de Medinaceli,ES,0
2398668,0101000020E610000005D3307C448C08C0A314747B497F4440,Veguillas,ES,0
2398805,0101000020E610000047F4328AE5160BC0E349D23593AF4440,Valvieja,ES,0
2398812,0101000020E6100000C967791EDCDD09C0B7AF03E78C904440,Valverde de los Arroyos,ES,102
2398822,0101000020E610000072D2FBC6D75E0AC0B69C4B7155354440,Valverde de Alcalá,ES,346
2398832,0101000020E61000005F5969520A7A08C096C5C4E6E3A64440,Valvenedizo,ES,0
2398854,0101000020E6100000298716D9CE3703C0CD66D5E76A5B4440,Valtablado del Río,ES,20
2398855,0101000020E6100000A5F27684D38200C09A3DD00A0C4D4440,Valtablado de Beteta,ES,0
2398875,0101000020E610000079A52C431CEB04C02E2AA913D0084440,Valparaíso de Arriba,ES,0
2398876,0101000020E610000007FEB7921D1B05C03A53E8BCC6064440,Valparaíso de Abajo,ES,0
2399020,0101000020E6100000FF6453AEF0EE0CC0AFC91AF510314440,Vallecas,ES,0
2399097,0101000020E6100000328AE596560303C0CF798D5DA29E4440,Valladares,ES,0
2399121,0101000020E6100000FBC1C073EFA107C0F1C81F0C3C4F4440,Valfermoso de Tajuña,ES,93
2399122,0101000020E610000017E25817B71107C0390664AF776F4440,Valfermoso de las Monjas,ES,0
2399160,0101000020E610000024CCB4FD2B6B0AC01E41F163CC254440,Valdilecha,ES,2347
2399177,0101000020E6100000B788EFC4AC170CC08C45D3D9C9584440,Valdetorres de Jarama,ES,3139
2399189,0101000020E6100000EBB60BCD759A0AC06D5166834C7A4440,Valdesotos,ES,23
2399199,0101000020E6100000A15D85949F9407C0C99C2E8B895D4440,Valdesaz,ES,0
2399208,0101000020E61000000625CCB4FDAB04C0ED5A423EE8654440,Val de San García,ES,0
2399217,0101000020E61000004FBD35B0550209C03C44A33B88AD4440,Valderromán,ES,0
2399223,0101000020E6100000BE4868CBB9D405C023287E8CB9674440,Valderrebollo,ES,46
2399245,0101000020E6100000630113B8757709C0B69C4B7155954440,Valdepinillos,ES,0
2399248,0101000020E6100000DFD1C6116BB10BC0EF5014E813614440,Valdepiélagos,ES,414
2399254,0101000020E6100000FAAE08FEB7120BC03F4D2D5BEB734440,Valdepeñas de la Sierra,ES,187
2399261,0101000020E6100000CF27F224E99A0BC0C37762D68B514440,Valdeolmos,ES,2207
2399264,0101000020E6100000AA09A2EE039003C053E3A59BC4404440,Valdeolivas,ES,268
2399267,0101000020E6100000F70FE9B7AF030BC03D963E7441614440,Valdenuño-Fernández,ES,234
2399269,0101000020E6100000364F75C8CDB008C040B7973446574440,Valdenoches,ES,0
2399283,0101000020E61000005D11FC6F25FB04C046A7AE7C961F4440,Valdemoro del Rey,ES,0
2399286,0101000020E610000056E20165536E0DC0F6DF4A766C184440,Valdemoro,ES,62750
2399321,0101000020E6100000EF2900C6336805C0D36531B1F99C4440,Valdelcubo,ES,78
2399329,0101000020E61000000A022B8716590DC0DD54A4C2D84A4440,Valdelamasa,ES,0
2399337,0101000020E610000060FD9FC37CF905C0EC2AA4FCA4564440,Valdelagua,ES,0
2399360,0101000020E61000007DDE54A4C21808C0D6A3703D0A5B4440,Valdegrudas,ES,63
2399389,0101000020E6100000328AE596560307C0E474594C6C3A4440,Valdeconcha,ES,49
2399390,0101000020E61000007F9F71E1408803C08B976E12830C4440,Valdecolmenas de Arriba,ES,0
2399391,0101000020E61000005C6DC5FEB2FB03C0B983D899420F4440,Valdecolmenas de Abajo,ES,0
2399413,0101000020E6100000E53FA4DFBECE02C04B546F0D6C0D4440,Valdecabrillas,ES,0
2399415,0101000020E610000030CEDF84424400C03133333333134440,Valdecabras,ES,0
2399423,0101000020E6100000FBE3BD6A65820AC020E527D53E514440,Valdeaveruelo,ES,570
2399424,0101000020E6100000DBD26A48DCA30AC0A88251499D504440,Valdeavero,ES,790
2399427,0101000020E6100000A52215C616C207C0D81B7C6132554440,Valdeavellano,ES,104
2399432,0101000020E610000053F65D11FCEF07C0CDDA6D179A674440,Valdearenas,ES,89
2399438,0101000020E610000020895E46B19C08C06CAD2F12DA6E4440,Valdeancheta,ES,0
2399441,0101000020E6100000C43D963E744105C0B2C876BE9F924440,Valdealmendras,ES,0
2399458,0101000020E6100000C051F2EA1C0309C07B61325530424440,Valdarachas,ES,28
2399459,0101000020E6100000F1AB3940308709C088B0E1E9951A4440,Valdaracete,ES,630
2399488,0101000020E6100000BED4CF9B8A140AC020E527D53E514440,Valbueno,ES,0
2399530,0101000020E6100000D6D30E7F4D160CC02E6EA301BC294440,Vaciamadrid,ES,68405
2399552,0101000020E6100000FD261422E09002C0FDD478E926A54440,Utrilla,ES,0
2399558,0101000020E61000005CFE43FAED6B07C07745F0BF956C4440,Utande,ES,52
2399570,0101000020E610000014359886E1230AC0B2075A81215B4440,Usanos,ES,0
2399641,0101000020E6100000D4264EEE77A802C0775DBF6037904440,Ures de Medinaceli,ES,0
2399643,0101000020E61000002F6475ABE76405C0BBFBE3BD6A8D4440,Ures,ES,0
2399707,0101000020E610000066CBB914575509C0AFC91AF510914440,Umbralejo,ES,0
2399736,0101000020E61000000AEF7211DF0908C04807EBFF1C9E4440,Ujados,ES,32
2399766,0101000020E61000008EA0F831E6AE0BC0247A19C5726B4440,Uceda,ES,1763
2399791,0101000020E6100000230B98C0ADBB0CC0A70018CFA0A94440,Turrubuelo,ES,0
2399796,0101000020E6100000E1E47E87A28000C0CBD1E3F736814440,Turmiel,ES,0
2400090,0101000020E61000001F020EA14ACD0AC055F146E691774440,Tortuero,ES,38
2400095,0101000020E6100000D2D9C9E0283904C0FECA4A93527C4440,Tortonda,ES,0
2400100,0101000020E61000002267614F3BFC08C09F1A2FDD245A4440,Tórtola de Henares,ES,487
2400123,0101000020E61000001166DAFE959507C0398DB454DEAA4440,Torrevicente,ES,0
2400128,0101000020E61000000D9C33A2B47709C07AD5CA845FAE4440,Torresuso,ES,0
2400138,0101000020E61000002115C61682DC0AC0DC0720B589334440,Torres de la Alameda,ES,5811
2400169,0101000020E6100000B1683A3B195C00C0EC3D5C72DC714440,Torremocha del Pinar,ES,56
2400170,0101000020E6100000878043A852F304C019A37554357D4440,Torremocha del Campo,ES,251
2400172,0101000020E6100000D1D9C9E028F90BC0781EDC9DB56B4440,Torremocha de Jarama,ES,538
2400173,0101000020E6100000FCBCA948853107C03A6BB75D68824440,Torremocha de Jadraque,ES,22
2400179,0101000020E61000009BF9D51C201804C0FAFB8C0B07B24440,Torremediana,ES,0
2400195,0101000020E6100000EA17EC866D4B0CC0436E861BF0694440,Torrelaguna,ES,4012
2400198,0101000020E610000022B4E55C8AAB0AC07493180456524440,Torrejón del Rey,ES,2877
2400200,0101000020E6100000C2995FCD01C20BC0E61DA7E8483A4440,Torrejón de Ardoz,ES,118162
2400204,0101000020E61000009F1A2FDD240601C0C29E76F86B9E4440,Torrehermosa,ES,98
2400217,0101000020E610000032333333333305C03133333333934440,Torre de Valdealmendras,ES,0
2400228,0101000020E61000001E2922C32A9E08C0F423456458654440,Torre del Burgo,ES,122
2400240,0101000020E6100000FC87F4DBD74104C059475513446D4440,Torrecuadradilla,ES,51
2400242,0101000020E6100000B6973446EBA804C089027D224F724440,Torrecuadrada de los Valles,ES,0
2400252,0101000020E610000078CC4065FCBB00C016D4B7CCE96A4440,Torrecilla del Pinar,ES,0
2400255,0101000020E6100000CCCCCCCCCCCC04C09899999999994440,Torrecilla del Ducado,ES,0
2400261,0101000020E61000008C45D3D9C9A001C0C420B07268254440,Torrecilla,ES,0
2400268,0101000020E61000007B5C1B2AC63909C07229AE2AFB724440,Torrebeleña,ES,0
2400287,0101000020E61000005639B4C876FE03C067CBB91457914440,Torralba del Moral,ES,0
2400292,0101000020E61000007E87A2409F4802C08807944DB9264440,Torralba,ES,181
2400348,0101000020E61000007BD0B359F53908C0FA7953910A5F4440,Torija,ES,619
2400355,0101000020E61000004FAA7D3A1E7300C077B471C45A684440,Torete,ES,0
2400372,0101000020E6100000E1DF675C381006C054D97745F09B4440,Tordelrábano,ES,12
2400374,0101000020E6100000212D95B7235C07C0E574594C6C9A4440,Tordelloso,ES,0
2400408,0101000020E610000002ECA35357BE01C02E815B77F3144440,Tondos,ES,0
2400419,0101000020E6100000D4E253008C6707C00EB4024356534440,Tomellosa,ES,0
2400456,0101000020E61000001188D7F50B3601C064BD18CA897E4440,Tobillos,ES,0
2400461,0101000020E61000000B1F1153224905C0705AF0A2AF984440,Tobes,ES,0
2400476,0101000020E6100000EBD3F198818A0CC0046EDDCD53114440,Titulcia,ES,945
2400508,0101000020E610000045EBA86A82A804C020EA3E00A9294440,Tinajas,ES,369
2400520,0101000020E6100000DBF4673F52840AC0A9E7A4F78D1F4440,Tielmes,ES,2359
2400588,0101000020E610000042A33B889DA907C027F224E99A454440,Tendilla,ES,345
2400706,0101000020E61000000F406A13277703C0BED4CF9B8AAC4440,Taroda,ES,75
2400731,0101000020E6100000439E245D337908C01CE1B4E045AB4440,Tarancueña,ES,0
2400732,0101000020E61000005578978BF80E08C02FD80DDB16014440,Tarancón,ES,15651
2400739,0101000020E610000091A98251499D08C0E1067C7E18694440,Taragudo,ES,39
2400743,0101000020E610000014E3FC4D280409C015A4198BA6534440,Taracena,ES,0
2400761,0101000020E61000007D52EDD3F1980DC0A5B393C1519E4440,Tanarro,ES,0
2400781,0101000020E6100000EC647094BCFA09C00D10CCD1E37F4440,Tamajón,ES,216
2400804,0101000020E61000006C179AEB34120CC04160E5D0225F4440,Talamanca de Jarama,ES,1984
2400853,0101000020E610000058BBED42735D05C02AFBAE08FE434440,Tabladillo,ES,0
2400990,0101000020E610000099FEEC478A880CC08169183E22A24440,Sotos de Sepulveda,ES,0
2401008,0101000020E6100000FA7953910A2303C0A6CB6262F3754440,Sotodosos,ES,67
2401013,0101000020E610000075103B53E83C0CC0E2DF675C38244440,Soto de Pajares,ES,0
2401029,0101000020E61000009AFEEC478A8804C07C96E7C1DD5D4440,Sotoca de Tajo,ES,0
2401030,0101000020E6100000E505D847A7AE02C04FE449D235174440,Sotoca,ES,0
2401061,0101000020E6100000EE8AE07F2B190DC07DA99F3715A14440,Sotillo,ES,38
2401135,0101000020E6100000445F419AB1A80CC0CB4065FCFB904440,Somosierra,ES,0
2401141,0101000020E61000005D9D6340F67A08C0476DE2E47E9F4440,Somolinos,ES,36
2401152,0101000020E610000068BC7493188402C02F0DC347C4984440,Somaén,ES,0
2401193,0101000020E6100000F57AF7C77B9505C0389CF9D51C604440,Solanillos del Extremo,ES,120
2401303,0101000020E6100000B8196EC0E70700C02DE23B31EB954440,Sisamón,ES,56
2401370,0101000020E61000000EEECEDA6D170DC04156B77A4E964440,Sigueruelo,ES,0
2401371,0101000020E6100000E51DA7E848EE0CC0DD59BBED42974440,Siguero,ES,0
2401373,0101000020E610000084B18520072505C02805DD5ED2884440,Sigüenza,ES,4818
2401389,0101000020E61000001B2098A3C7AF0CC05925581CCE744440,Sieteiglesias,ES,0
2401420,0101000020E6100000ED940ED6FF3905C0EEE6A90EB9994440,Sienes,ES,76
2401458,0101000020E6100000FBBCA94885310DC0A6E33103950D4440,Seseña Nuevo,ES,0
2401460,0101000020E61000009F2DE7525C950DC07D74EACA670D4440,Seseña,ES,16231
2401500,0101000020E61000002D8672A25D450CC01678EE3D5C7E4440,Serrada de la Fuente,ES,0
2401502,0101000020E6100000FDEC478AC8300BC0158733BF9A4F4440,Serracines,ES,0
2401503,0101000020E61000007BD0B359F5B90AC0660FB40243A64440,Serracín,ES,0
2401541,0101000020E61000003A889D29745E0CC08FA0F831E6AE4440,Sequera de Fresno,ES,42
2401563,0101000020E6100000EEA7C64B378903C07EC16ED8B6B04440,Señuela,ES,0
2401597,0101000020E6100000BD0E9C33A2F408C06B43C5387F874440,Semillas,ES,52
2401622,0101000020E6100000E1AFC91AF5D000C06E1283C0CA794440,Selas,ES,64
2401714,0101000020E6100000FBDEA63FFBD106C0BFEC9E3C2C304440,Sayatón,ES,131
2401726,0101000020E610000053008C67D0D007C0CE7EA4880CAF4440,Sauquillo de Paredes,ES,0
2401727,0101000020E6100000B19DEFA7C6CB03C012D044D8F0B04440,Sauquillo del Campo,ES,0
2401737,0101000020E61000002397FF907E3B04C03F6A1327F7834440,Saúca,ES,70
2401923,0101000020E6100000B7FC87F4DB1709C0C724236761834440,Santotís,ES,0
2401930,0101000020E610000070E6577380E009C0CCC7B5A1623C4440,Santorcaz,ES,729
2401965,0101000020E6100000090C59DDEA7906C0324B02D4D48A4440,Santiuste,ES,23
2402017,0101000020E6100000A7C64B3789410AC0720CC85EEFAA4440,Santibáñez de Ayllón,ES,0
2402124,0101000020E61000009E93DE37BE3606C0D30968226C904440,Santamera,ES,0
2402129,0101000020E6100000AF8A37328F7C0DC08D3BA583F59B4440,Santa Marta del Cerro,ES,53
2402178,0101000020E6100000DBD78173465400C0F636FDD98F404440,Santa María del Val,ES,96
2402198,0101000020E610000067CBB914575501C08169183E22A24440,Santa María de Huerta,ES,405
2402363,0101000020E6100000BF78060DFDD301C05D9D6340F6464440,Santa Cristina,ES,0
2402395,0101000020E6100000CBCCCCCCCCCC06C01B03B2D7BB5B4440,Santa Clara,ES,0
2402441,0101000020E61000007515527E52ED0CC0A61DFE9AAC454440,San Sebastián de los Reyes,ES,75912
2402531,0101000020E6100000E32CEC69873F03C0B9D573D2FB364440,San Pedro Palmiches,ES,92
2402761,0101000020E61000008BEE2076A6900CC0AB69DE718A1A4440,San Martín de la Vega,ES,18256
2403026,0101000020E6100000322E1C08C9420CC0900A630B41364440,San Fernando de Henares,ES,40981
2403203,0101000020E61000008AA19C6857210DC00BE02D90A09C4440,Sanchofruela,ES,0
2403277,0101000020E6100000FF6E8104C58F06C0AE5FB01BB6514440,San Andrés del Rey,ES,46
2403280,0101000020E610000019A88C7F9F3108C0C0CAA145B67F4440,San Andrés del Congosto,ES,79
2403309,0101000020E6100000C9A65CE15DEE0CC073EFE192E3564440,San Agustín de Guadalix,ES,11133
2403374,0101000020E61000009AFEEC478A8800C07C96E7C1DD1D4440,Salto de Villalba,ES,0
2403393,0101000020E6100000612D3E05C03804C017EC866D8B424440,Salmeroncillos de Arriba,ES,0
2403394,0101000020E610000092BC3AC7802C04C00CA661F888404440,Salmeroncillos de Abajo,ES,172
2403396,0101000020E6100000DE2D90A0F8F103C0FC6A0E10CC454440,Salmerón,ES,217
2403413,0101000020E61000007F9F71E1404803C023624A24D1934440,Salinas de Medinaceli,ES,0
2403460,0101000020E61000003280B74082620BC0C4E6E3DA50B14440,Saldaña de Ayllón,ES,0
2403535,0101000020E6100000465A2A6F473802C0C06ED8B628934440,Sagides,ES,0
2403546,0101000020E6100000BB749318049602C09BF9D51C20744440,Saelices de la Sal,ES,70
2403557,0101000020E6100000EEE192E34E2902C06EF085C954194440,Sacedoncillo,ES,0
2403559,0101000020E6100000ADF02E17F1DD05C0CA9C2E8B893D4440,Sacedón,ES,1674
2403560,0101000020E6100000BE60376C5BD406C01C5A643BDF134440,Saceda-Trasierra,ES,101
2403561,0101000020E610000078758E01D9EB04C0DCAB5626FC1A4440,Saceda del Río,ES,0
2403564,0101000020E610000060670A9DD75803C0EC0DBE30996A4440,Sacecorbo,ES,153
2403630,0101000020E6100000F719170E84A404C0CD70033E3F604440,Ruguilla,ES,0
2403726,0101000020E61000008E368E588B8F0CC0A7A9656B7D994440,Rosuero,ES,0
2403744,0101000020E6100000AF03E78C286D0DC0F601486DE22C4440,Rosales,ES,0
2403783,0101000020E6100000E7F17B9BFEEC07C0D8FE959526494440,Romanones,ES,131
2403784,0101000020E61000002E6EA301BCC504C0CAB4FD2B2BA14440,Romanillos de Medinaceli,ES,0
2403785,0101000020E610000032333333333307C08169183E22A24440,Romanillos de Atienza,ES,59
2403788,0101000020E6100000FB6A0E10CC1107C0065F984C15584440,Romancos,ES,0
2403886,0101000020E6100000AAB2EF8AE0BF0CC00A5EF415A48D4440,Robregordo,ES,0
2403891,0101000020E61000001E4B1FBAA0BE08C0283A92CB7F844440,Robredarcas,ES,0
2403899,0101000020E6100000C9E02879758E0AC0A68C7F9F718D4440,Robleluengo,ES,0
2403900,0101000020E61000003D8C101E6D9C0AC0A6A9656B7D894440,Roblelacasa,ES,0
2403916,0101000020E610000098999999999907C00E406A13278F4440,Robledo de Corpes,ES,107
2403940,0101000020E6100000D0CB28965BDA09C02F815B77F36C4440,Robledillo de Mohernando,ES,122
2403942,0101000020E610000059CEA5B8AA2C0CC017C5724BAB794440,Robledillo de la Jara,ES,102
2404029,0101000020E6100000640113B8757705C0AFC91AF510914440,Ríosalido,ES,0
2404054,0101000020E6100000D1872EA86F990BC0862EA86F999F4440,Ríofrío de Riaza,ES,54
2404055,0101000020E61000008026C286A79706C043A33B889D914440,Ríofrío del Llano,ES,60
2404136,0101000020E6100000CE49EF1B5FBB05C04BA60A46259D4440,Rienda,ES,0
2404166,0101000020E6100000706DA818E76F0BC0EC478AC8B0AE4440,Ribota,ES,50
2404199,0101000020E6100000C84FAA7D3A1E0BC068006F8104554440,Ribatejada,ES,437
2404200,0101000020E6100000135CACA8C13401C0521D7233DC284440,Ribatajadilla,ES,0
2404201,0101000020E610000086E123624A6401C01CC4CE143A2B4440,Ribatajada,ES,0
2404214,0101000020E61000006336C82423270CC0523541D47D304440,Rivas de Jarama,ES,0
2404228,0101000020E610000047FE60E0B97702C031207BBDFB6F4440,Ribarredonda,ES,0
2404234,0101000020E6100000D45B035B25D801C0506B9A779C2A4440,Ribagorda,ES,0
2404246,0101000020E610000043A33B889DA905C0769CA223B9984440,Riba de Santiuste,ES,0
2404247,0101000020E61000001A0DE02D906002C037F8C264AA744440,Riba de Saelices,ES,177
2404257,0101000020E610000087EAAD81ADD20BC079E40F069EA34440,Riaza,ES,2054
2404334,0101000020E6100000771EDC9DB5DB07C00ED6FF39CCA74440,Retortillo de Soria,ES,246
2404344,0101000020E610000002392861A62D0AC0718A8EE4F27B4440,Retiendas,ES,47
2404404,0101000020E6100000947D5704FF1B08C0C871A774B03E4440,Renera,ES,65
2404424,0101000020E61000009B4B7155D93704C0B606B64AB0744440,Renales,ES,0
2404446,0101000020E61000005639B4C876FE05C04946CEC29EAA4440,Rello,ES,32
2404536,0101000020E61000009842E73576C90CC069DE718A8E684440,Redueña,ES,227
2404602,0101000020E6100000D9C9E02879B509C0BB0512143FAA4440,Rebollosa de Pedro,ES,0
2404603,0101000020E610000060F8889812C908C061A1D634EFA84440,Rebollosa de los Escuderos,ES,0
2404604,0101000020E61000005A3D27BD6FBC06C079C7293A928B4440,Rebollosa de Jadraque,ES,32
2404605,0101000020E6100000F93F87F9F24208C08169183E22624440,Rebollosa de Hita,ES,0
2404644,0101000020E61000007EF10C1AFA6709C0CB0BB08F4E6D4440,Razbona,ES,0
2404734,0101000020E610000060376C5B949903C0826E2F698CA24440,Radona,ES,0
2404946,0101000020E6100000BE78060DFD130CC0291DACFF733C4440,Quintana,ES,0
2404974,0101000020E61000008C588B4F017005C0E2DF675C38984440,Querencia,ES,0
2404975,0101000020E6100000DBB5847CD0330AC0AECE31207B4D4440,Quer,ES,1008
2405100,0101000020E61000002FCEDF8442440CC09999999999394440,Puente-Viveros,ES,0
2405122,0101000020E6100000B09DEFA7C64B0DC07BD5CA845F324440,Puente de Vallecas,ES,244151
2405157,0101000020E610000087C8B08A37320DC0C0CAA145B6374440,Pueblo Nuevo-Ventas,ES,0
2405163,0101000020E6100000654E97C5C4660AC0D62AC1E270764440,Puebla de Vallés,ES,90
2405174,0101000020E61000001518B2BAD5B302C0F484251E50AE4440,Puebla de Eca,ES,0
2405177,0101000020E610000041B28009DCBA09C0B4679604A8714440,Puebla de Beleña,ES,55
2405226,0101000020E610000015FBCBEEC98302C0B410E4A084394440,Priego,ES,1055
2405340,0101000020E6100000F024E99AC9770DC0A7D903ADC0944440,Pradenilla,ES,0
2405341,0101000020E6100000F87E6ABC74530CC003392861A6854440,Prádena del Rincón,ES,115
2405342,0101000020E6100000AB510FD1E80E08C0FA1873D712964440,Prádena de Atienza,ES,48
2405370,0101000020E6100000B645990D32890AC0FA912232AC2E4440,Pozuelo del Rey,ES,323
2405381,0101000020E610000032333333333301C0CCCCCCCCCCAC4440,Pozuel de Ariza,ES,31
2405396,0101000020E610000086F4DBD7817309C0235D33F9663F4440,Pozo de Guadalajara,ES,752
2405397,0101000020E6100000D825AAB7063608C0156A4DF38E2B4440,Pozo de Almoguera,ES,152
2405408,0101000020E6100000D0747632384A05C050A04FE4498E4440,Pozancos,ES,0
2405422,0101000020E61000002EC03E3A756500C05FB01BB62D364440,Poyatos,ES,106
2405425,0101000020E61000002397FF907E3B00C002ECA35357524440,Poveda de la Sierra,ES,173
2405503,0101000020E61000002BBCCB457CA700C08BF337A110254440,Portilla,ES,101
2405529,0101000020E61000002F2592E865D404C048D74CBED9224440,Portalrubio de Guadamajud,ES,66
2405775,0101000020E610000052573ECBF36009C0B90F406A133B4440,Pioz,ES,969
2405792,0101000020E6100000CBCCCCCCCCCC0CC0E1FC4D2844844440,Piñuécar,ES,188
2405795,0101000020E61000005E376C5B94990DC0887B2C7DE81E4440,Pinto,ES,43501
2405825,0101000020E610000019170E8464C104C0673524EEB1A84440,Pinilla del Olmo,ES,0
2405828,0101000020E6100000EC5F5969528A07C017EC866D8B824440,Pinilla de Jadraque,ES,80
2405830,0101000020E61000006CA818E76F820DC0F4234564587D4440,Pinilla de Buitrago,ES,0
2405901,0101000020E61000000BEA5BE6745904C0DD8E705AF00A4440,Pineda de Gigüela,ES,136
2406014,0101000020E6100000AD2AFBAE08FE05C02C95B7239C5A4440,Picazo,ES,0
2406031,0101000020E6100000F9D51C20986309C0357172BF43354440,Pezuela de las Torres,ES,481
2406171,0101000020E61000000C1AFA27B89803C08286FE092E4E4440,Peralveche,ES,101
2406177,0101000020E610000075DB85E63ACD0AC04AC8073D9B1D4440,Perales de Tajuña,ES,2462
2406179,0101000020E6100000371092054C200DC0E1AFC91AF5284440,Perales del Río,ES,0
2406191,0101000020E6100000DC1FEF552BD308C09D71E14048A64440,Peralejo de los Escuderos,ES,0
2406293,0101000020E6100000AF506B9A771C07C07BF2B0506B4A4440,Peñalver,ES,204
2406299,0101000020E61000005660C8EA568F00C0D81B7C6132554440,Peñalén,ES,125
2406306,0101000020E61000008B5DA27A6B200BC001ECA35357924440,Peñalba de la Sierra,ES,0
2406387,0101000020E6100000022670EB6E1E05C0B4F81400E3814440,Pelegrina,ES,0
2406479,0101000020E61000009426A5A0DB8B09C04C2D5BEB8BA84440,Pedro,ES,0
2406485,0101000020E6100000592041F163CC0CC096395D16135F4440,Pedrezuela,ES,2571
2406556,0101000020E61000007C30F0DC7BF80CC0326DFFCA4A334440,Valdebernardo,ES,0
2406572,0101000020E6100000A7A44E4013E10BC0FCBCA948856D4440,Patones,ES,378
2406577,0101000020E610000034C82423676107C0592F8672A2354440,Pastrana,ES,1081
2406642,0101000020E6100000FEEC478AC83005C0ABE28DCC23474440,Pareja,ES,482
2406644,0101000020E610000057E71890BDDE05C06B3EAE0D159F4440,Paredes de Sigüenza,ES,42
2406648,0101000020E6100000E474594C6C7E0CC00C1AFA27B8804440,Paredes de Buitrago,ES,0
2406652,0101000020E6100000A045B6F3FDD406C08C5DA27A6B084440,Paredes,ES,81
2406769,0101000020E610000044B6F3FDD4380CC00547C9AB73404440,Paracuellos de Jarama,ES,14329
2406859,0101000020E610000065666666666600C0E9CF7EA488084440,Palomera,ES,192
2406884,0101000020E610000099E61DA7E84807C01DA7E8482E874440,Pálmaces de Jadraque,ES,68
2406931,0101000020E6100000874160E5D0A209C05E9335EA218A4440,Palancares,ES,0
2406971,0101000020E6100000016553AEF0EE08C06566666666664440,Palacio de Heras,ES,0
2406987,0101000020E61000004E70B1A206D30BC09D02603C83AE4440,Pajares de Fresno,ES,0
2406995,0101000020E61000005FA6ED5F59A906C06D861BF0F95D4440,Pajares,ES,0
2406997,0101000020E610000058349D9D0C8E01C00CA661F888284440,Pajares,ES,0
2406998,0101000020E61000000CF8FC3042B80CC07CB3CD8DE9B14440,Pajarejos,ES,37
2407027,0101000020E610000098D87C5C1BEA02C0D1C6116BF1794440,Padilla del Ducado,ES,0
2407028,0101000020E610000019F5108DEEE007C0CF0A0C59DD6E4440,Padilla de Hita,ES,0
2407177,0101000020E610000099999999999903C0E8E74D452A604440,Oter,ES,0
2407229,0101000020E61000004C672783A3A409C07E828B1535244440,Orusco,ES,719
2407341,0101000020E61000002BCF83BBB3F60BC0BD13B35E0C054440,Oreja,ES,0
2407484,0101000020E6100000FA6F253B36820DC08BDB68006FA94440,Olmillo,ES,0
2407488,0101000020E6100000973446EBA8AA04C0B69C4B7155954440,Olmedillas,ES,0
2407489,0101000020E6100000430DA661F88805C0C776BE9F1A074440,Olmedilla del Campo,ES,0
2407490,0101000020E6100000B224404D2D5B03C09D76F86BB2264440,Olmedilla de Eliz,ES,30
2407492,0101000020E6100000EF9D98F562E805C0A6E8482EFF614440,Olmeda del Extremo,ES,0
2407493,0101000020E610000039191C25AFCE03C07F7D74EACA274440,Olmeda de la Cuesta,ES,43
2407494,0101000020E61000009EABADD85F7601C0A6052FFA0A6E4440,Olmeda de Cobeta,ES,112
2407637,0101000020E6100000C9A65CE15D2E03C040B28009DC624440,Ocentejo,ES,36
2407682,0101000020E6100000AC47E17A14EE09C032BF9A03042F4440,Nuevo Baztán,ES,5503
2407704,0101000020E61000003EC6DCB584FC09C0368E588B4FAD4440,Noviales,ES,0
2407747,0101000020E61000009B16BCE82B0802C03AE466B801174440,Noheda,ES,0
2407749,0101000020E610000067CBB914575501C04863B48EAA0A4440,Nohales,ES,0
2407891,0101000020E6100000C8AB730CC8DE06C01C7233DC80834440,Negredo,ES,21
2407954,0101000020E6100000F658FAD005B508C0BBFBE3BD6A8D4440,Navas de Jadraque,ES,32
2407999,0101000020E6100000D2307C444CC904C0AB342905DD764440,Navalpotro,ES,0
2408005,0101000020E6100000662783A3E45502C08026C286A70F4440,Navalón,ES,0
2408033,0101000020E61000006D9EEA909B610DC0E80E62670A694440,Navalafuente,ES,765
2408150,0101000020E61000006E77D66EBB5007C036328FFCC1944440,Naharros,ES,0
2408151,0101000020E6100000BDD4CF9B8A1404C0656B7D91D0064440,Naharros,ES,0
2408221,0101000020E6100000260AF4893C8909C0BC8C62B9A57D4440,Muriel,ES,0
2408327,0101000020E61000003E87F9F202AC07C051499D80266A4440,Muduex,ES,129
2408461,0101000020E61000005B2041F163CC03C08D9257E718584440,Morillejo,ES,0
2408516,0101000020E6100000CED03FC1C58A07C0463D44A33B404440,Moratilla de los Meleros,ES,101
2408517,0101000020E6100000434772F90F6905C0A6C64B3789854440,Moratilla de Henares,ES,0
2408519,0101000020E61000003233333333330DC0B69C4B7155354440,Moratalaz,ES,104923
2408520,0101000020E61000002D73BA2C26760BC0CB5D4BC8071D4440,Morata de Tajuña,ES,6159
2408530,0101000020E61000002C211FF46C5605C0BE4868CBB9684440,Moranchel,ES,0
2408593,0101000020E61000004FC24CDBBFB201C0A0B437F8C29C4440,Montuenga de Soria,ES,0
2408708,0101000020E6100000AD5A99F04B3D0CC0073D9B559F874440,Montejo de la Sierra,ES,0
2408685,0101000020E61000005A035B25581C09C0EA8B84B69C1F4440,Monte Robledal,ES,0
2408705,0101000020E610000025BD6F7CED9909C00F406A1327AF4440,Montejo de Tiermes,ES,250
2408720,0101000020E6100000FFFFFFFFFFFF09C0FFFFFFFFFF5F4440,Monte Fresno,ES,0
2408741,0101000020E61000007936AB3E575B01C007F9A067B3AE4440,Monteagudo de las Vicarías,ES,262
2408778,0101000020E6100000CD66D5E76AEB08C0F1D24D6210744440,Montarrón,ES,41
2408817,0101000020E610000048F4328AE5D600C06EF085C954A54440,Monreal de Ariza,ES,248
2408871,0101000020E610000025016A6AD9DA08C059D3BCE314294440,Mondéjar,ES,2621
2408885,0101000020E6100000B01188D7F58B05C0EF164850FC1C4440,Moncalvillo del Huete,ES,0
2408896,0101000020E61000009CEA909BE1C608C0349886E1237E4440,Monasterio,ES,27
2408926,0101000020E61000009AFEEC478A8800C04863B48EAA0A4440,Molinos de Papel,ES,0
2408978,0101000020E6100000973446EBA8AA04C0AFC91AF510914440,Mojares,ES,0
2408984,0101000020E61000009AFEEC478A8800C08269183E22024440,Mohorte,ES,0
2408986,0101000020E610000052573ECBF36009C04F4EB4AB90664440,Mohernando,ES,155
2409005,0101000020E6100000AC86C43D96FE07C05DD72FD80DAF4440,Modamio,ES,0
2409008,0101000020E6100000718A8EE4F21F00C0C5850321598C4440,Mochales,ES,86
2409061,0101000020E6100000065F984C158C07C091E86514CB714440,Miralrío,ES,68
2409064,0101000020E610000054F146E6913F0AC024404D2D5B474440,Miralcampo,ES,0
2409069,0101000020E61000000703CFBD87CB05C03DCBF3E0EE784440,Mirabueno,ES,106
2409084,0101000020E6100000349886E1232204C01530815B77974440,Miño de Medina,ES,0
2409118,0101000020E610000050448655BC9104C093C151F2EA404440,Millana,ES,165
2409154,0101000020E6100000F4285C8FC2B507C0339886E123A24440,Miedes de Atienza,ES,103
2409165,0101000020E6100000295778978B7804C0582A6F4738A14440,Mezquetillas,ES,0
2409184,0101000020E61000001FEA3E00A94D0BC0E68711C2A3614440,Mesones,ES,0
2409288,0101000020E6100000F4BEF1B567D607C0CA28965B5A794440,Membrillera,ES,111
2409291,0101000020E61000002ED80DDB166506C0FA7953910A574440,Membribe,ES,0
2409319,0101000020E6100000EA12D55B03DB0BC09D71E14048324440,Mejorada del Campo,ES,22488
2409352,0101000020E61000001C1B81785D7F07C07B96E7C1DD7D4440,Medranda,ES,105
2409397,0101000020E610000017C5724BABA10AC072982F2FC0464440,Meco,ES,12419
2409367,0101000020E610000025DF6C73637A03C01188D7F50B964440,Medinaceli,ES,674
2409416,0101000020E6100000ABADD85F760F08C0A735CD3B4E214440,Mazuecos,ES,359
2409429,0101000020E61000002AD49AE61D2706C0AAE7A4F78D174440,Mazarulleque,ES,0
2409433,0101000020E6100000BB9179E40F4601C0F1EF332E1C804440,Mazarete,ES,66
2409514,0101000020E6100000640113B8757705C04F36E50AEF8E4440,Matas,ES,0
2409516,0101000020E6100000E03B31EBC5500AC0F9912232AC6E4440,Matarrubia,ES,57
2409544,0101000020E6100000FD04172B6AB00AC08F31772D21874440,Matallana,ES,0
2409632,0101000020E6100000AA09A2EE039005C0D118ADA3AA694440,Masegoso de Tajuña,ES,95
2409634,0101000020E6100000BDF6CC92003500C03341D47D00464440,Masegosa,ES,116
2409693,0101000020E610000049EA043411360BC03C2CD49AE6A54440,Martín Muñoz de Ayllón,ES,0
2409772,0101000020E6100000961C774A072B01C0A76F99D365154440,Mariana,ES,306
2409809,0101000020E6100000BF78060DFDD305C00E3B53E8BCA64440,Marazovel,ES,0
2409797,0101000020E61000007F9A5AB6D69709C018FA27B858554440,Marchamalo,ES,4698
2409816,0101000020E6100000A3880CAB78A301C03AA06CCA15864440,Maranchón,ES,244
2409829,0101000020E61000003F65FCFB8C4B08C02397FF907E174440,Maquilón,ES,0
2409862,0101000020E6100000DC7BB8E4B81309C07F7D74EACAA74440,Manzanares,ES,0
2409877,0101000020E61000003A31EBC5504E05C08F6B43C5384F4440,Mantiel,ES,73
2409884,0101000020E6100000C876BE9F1AEF0CC0291DACFF739C4440,Mansilla,ES,0
2409896,0101000020E610000067520ABABDA40CC08F882991447B4440,Manjirón,ES,0
2409920,0101000020E6100000A90EB9196E0006C050DA1B7C617A4440,Mandayona,ES,394
2410002,0101000020E6100000EFA7C64B37090AC00B8E9257E7684440,Malaguilla,ES,136
2410005,0101000020E61000002EBB270F0BF509C0686FF085C9644440,Málaga del Fresno,ES,196
2410008,0101000020E6100000BF5B2041F1A306C08572A25D85604440,Malacuera,ES,0
2410019,0101000020E61000007701F6D1A96B0AC0C9C342AD698E4440,Majaelrayo,ES,74
2410071,0101000020E61000003AAA9A20EA3E08C07858A835CDAF4440,Madruédano,ES,0
2410077,0101000020E61000002CEC6987BFA60AC07EBC57AD4CA84440,Madriguera,ES,0
2410083,0101000020E6100000AC6EF59CF47E06C074CDE49B6D9E4440,Madrigal,ES,0
2410130,0101000020E61000009D7B0F971C3702C0B9F770C971834440,Luzón,ES,80
2410133,0101000020E6100000E49B6D6E4C8F03C028745E63977C4440,Luzaga,ES,105
2410145,0101000020E61000009AAC510FD16808C04A766C04E24D4440,Lupiana,ES,221
2410153,0101000020E610000046BF7D1D382707C0C53368E89FAC4440,Lumias,ES,0
2410221,0101000020E6100000A82B9FE579F00CC0BBB376DB85764440,Lozoyuela,ES,0
2410298,0101000020E6100000BA61DBA2CC060AC08D3BA583F53F4440,Los Santos de la Humosa,ES,1454
2410357,0101000020E610000077AF5A99F0CB0AC07EFB3A70CE384440,Los Hueros,ES,0
2410375,0101000020E610000045CEC29E76380DC062450DA6619C4440,Los Cortos,ES,0
2410415,0101000020E6100000DEB9F770C9B108C07180608E1EA74440,Losana,ES,0
2410447,0101000020E610000015F19D98F5E208C0D3F19881CA384440,Loranca de Tajuña,ES,711
2410448,0101000020E61000008FB8C7D287AE05C0A635CD3B4E094440,Loranca del Campo,ES,0
2410476,0101000020E61000009B6340F67AF702C08377B988EF944440,Lomeda,ES,0
2410507,0101000020E61000003133333333330BC0AFC91AF510314440,Loeches,ES,4805
2410521,0101000020E6100000A2AF20CD583403C0D4EC815660984440,Lodares,ES,0
2410809,0101000020E61000004FAA7D3A1EF309C0F736FDD98FB04440,Liceras,ES,59
2410943,0101000020E61000000C8E9257E79807C0F5CC920035154440,Leganiel,ES,244
2410957,0101000020E61000003992CB7F48BF06C00838842A356F4440,Ledanca,ES,124
2410975,0101000020E6100000CB7F48BF7D5D00C0777FBC57AD644440,Lebrancón,ES,0
2411006,0101000020E6100000E4D53906646F02C0D9DC989EB08C4440,Layna,ES,0
2411027,0101000020E6100000FE907EFB3A300BC005BB61DBA2844440,La Vihuela,ES,0
2411038,0101000020E6100000A3660FB402C30AC0A59BC420B0824440,La Vereda,ES,0
2411041,0101000020E6100000DC989EB0C48304C018A88C7F9F954440,La Ventosa del Ducado,ES,0
2411042,0101000020E6100000BB22F8DF4A7603C0AD9E93DE371A4440,La Ventosa,ES,351
2411116,0101000020E61000005D85949F54BB04C018E25817B77D4440,La Torresaviñan,ES,0
2411137,0101000020E6100000803E912749D707C0EF2E17F19D804440,La Toba,ES,120
2411238,0101000020E61000008A4F01309EC10CC087F4DBD781774440,Las Navas de Buitrago,ES,0
2411252,0101000020E6100000D6C0560916470DC0A028D027F23C4440,Las Manoteras,ES,0
2411254,0101000020E610000094607138F32B00C02D39EE940E264440,Las Majadas,ES,371
2411260,0101000020E6100000CC3B4ED1915C05C00D7F4DD6A86F4440,Las Inviernas,ES,102
2411289,0101000020E61000006FC45A7C0A000DC0A2C7EF6DFA834440,La Serna del Monte,ES,107
2411340,0101000020E6100000B9F2599E07770DC045551344DD974440,Las Casas Altas,ES,0
2411355,0101000020E610000020E527D53EDD08C0FCBCA94885894440,Las Cabezadas,ES,0
2411475,0101000020E6100000010EA14ACD5E06C0120A117008AD4440,La Riba de Escalote,ES,25
2411506,0101000020E61000008D8D40BCAE5F04C0295778978B784440,Laranueva,ES,0
2411515,0101000020E6100000BFADBB79AAC30CC05C2EE23B31974440,La Rades,ES,0
2411533,0101000020E6100000BA22F8DF4AB604C08342041C42514440,La Puerta,ES,0
2411537,0101000020E6100000AAC5A700188F0BC03B44A33B88814440,La Puebla de la Sierra,ES,0
2411544,0101000020E610000066CBB91457550DC09999999999394440,Prosperidad,ES,0
2411550,0101000020E6100000CD31207BBDBB0BC06566666666264440,La Poveda,ES,0
2411591,0101000020E610000016D4B7CCE97204C06DDDCD531D1E4440,La Peraleja,ES,132
2411633,0101000020E6100000CE31207BBDBB09C04F36E50AEF2E4440,La Olmeda de la Cebolla,ES,0
2411634,0101000020E61000008FB8C7D287EE05C0131DC9E53F904440,La Olmeda de Jadraque,ES,25
2411710,0101000020E6100000EE8AE07F2B1909C07280608E1E8B4440,La Nava de Jadraque,ES,0
2411759,0101000020E6100000A0F31ABB447507C09D245D33F9964440,La Miñosa,ES,57
2411767,0101000020E610000059EB8B84B6DC09C0C7EF6DFAB3774440,La Mierla,ES,27
2411775,0101000020E6100000973446EBA8AA00C0E2FC4D2844044440,La Melgosa,ES,0
2411831,0101000020E6100000A067B3EA73B50CC079A52C431C234440,La Marañosa,ES,0
2411868,0101000020E6100000D40968226C3802C028AE2AFBAE704440,La Loma,ES,0
2411893,0101000020E6100000805B77F3544705C05CF92CCF830B4440,La Langa,ES,0
2411925,0101000020E6100000640113B8757705C01430815B77374440,La Isabela,ES,0
2411937,0101000020E610000066CBB914575509C03133333333934440,La Huerce,ES,46
2411945,0101000020E6100000855AD3BCE35403C0CA67791EDC794440,La Hortezuela de Océn,ES,77
2411949,0101000020E6100000699A779CA2A30BC073ABE7A4F7894440,La Hiruela,ES,0
2411969,0101000020E6100000627AC2120F2800C08616D9CEF7434440,Lagunaseca,ES,130
2412055,0101000020E610000094ECD808C4AB04C039234A7B837B4440,La Fuensaviñán,ES,0
2412057,0101000020E6100000E978CC4065BC01C08EDFDBF467334440,La Frontera,ES,204
2412075,0101000020E6100000DF10AAD4EC410DC02D8B89CDC7014440,La Flamenca,ES,0
2412107,0101000020E6100000F3A10BEA5B6609C0C989761552524440,La Estación,ES,0
2412471,0101000020E6100000F063CC5D4B4809C05812A0A6967D4440,Jócar,ES,0
2412248,0101000020E610000023624A24D14B0CC0092E56D460364440,La Cañada,ES,0
2412262,0101000020E610000078758E01D96B05C0EE5014E813814440,La Cabrera,ES,0
2412263,0101000020E6100000BA270F0BB5E60CC04929E8F6926E4440,La Cabrera,ES,2265
2412294,0101000020E6100000B6B41A12F71807C067CBB91457914440,La Bodera,ES,43
2412322,0101000020E610000034936FB6B9B105C0B69C4B7155954440,La Barbolla,ES,0
2412364,0101000020E6100000A93E575BB1BF0CC0D7D30E7F4D264440,La Aldehuela,ES,0
2412375,0101000020E6100000C25A7C0A80B10CC0517E52EDD3394440,Alameda de Osuna,ES,0
2412385,0101000020E6100000C2B12E6EA3010AC0CFB359F5B9464440,La Acequilla,ES,0
2412387,0101000020E610000099B1683A3B9909C088592F86724E4440,La Aceña,ES,0
2412391,0101000020E6100000C759D8D30EFF0CC0C893A46B268B4440,La Acebeda,ES,0
2412438,0101000020E6100000EC0DBE30996A01C0FF907EFB3A904440,Judes,ES,0
2412446,0101000020E6100000C516821C94F002C066D0D03FC1994440,Jubera,ES,0
2412469,0101000020E610000098D36531B17904C091AE997CB3854440,Jodra del Pinar,ES,0
2412470,0101000020E610000089C8B08A377204C08E31772D21AB4440,Jodra de Cardos,ES,0
2412477,0101000020E610000060156F641E3907C0549A94826E7B4440,Jirueque,ES,87
2412552,0101000020E6100000491FBAA0BE6507C001ECA35357764440,Jadraque,ES,1370
2412560,0101000020E6100000245D33F9661B02C0CF7EA4880C0B4440,Jábaga,ES,0
2412650,0101000020E61000001A25AFCE312007C0499869FB574E4440,Irueste,ES,61
2412656,0101000020E6100000054CE0D6DDBC00C0D8942BBCCB8D4440,Iruecha,ES,0
2412668,0101000020E61000002C431CEBE2F608C098F04BFDBC514440,Iriépal,ES,0
2412714,0101000020E6100000F25487DC0CF702C0AB1C5A643B7F4440,Iniéstola,ES,16
2412742,0101000020E61000001AF5108DEEE005C0D37D00529B944440,Imón,ES,0
2412755,0101000020E6100000A04ACD1E684507C0395D16139B174440,Illana,ES,756
2412841,0101000020E610000044CEC29E763809C034936FB6B9694440,Humanes,ES,1305
2412845,0101000020E6100000553ECBF3E0AE07C02BF180B2293B4440,Hueva,ES,146
2412847,0101000020E61000005D68AED3484B04C071C45A7C0A604440,Huetos,ES,0
2412850,0101000020E61000004AE5ED08A78505C05EB532E197124440,Huete,ES,2075
2412861,0101000020E6100000EF5014E8133902C0E2361AC05B644440,Huertapelayo,ES,0
2412864,0101000020E6100000077767EDB64B02C07D74EACA67694440,Huertahernando,ES,66
2412880,0101000020E610000036842A357B6006C0811C9430D3864440,Huérmeces del Cerro,ES,52
2412894,0101000020E6100000A3315A47551307C0AECE31207B054440,Huelves,ES,57
2412913,0101000020E610000095218E75711B09C0510ABABDA4B14440,Hoz de Arriba,ES,0
2412915,0101000020E6100000105322895E0609C0078A1F63EEB24440,Hoz de Abajo,ES,0
2412969,0101000020E61000009AFEEC478A8802C08269183E22024440,Hortizuela,ES,0
2412974,0101000020E61000008BB96B09F9200DC005F52D73BA3C4440,Hortaleza,ES,161661
2412999,0101000020E61000002FCEDF84424404C0AFC91AF510914440,Horna,ES,0
2413011,0101000020E6100000E7482EFF217D08C0B0A206D330484440,Horche,ES,1853
2413012,0101000020E6100000724694F6065F0CC0E9C5504EB4874440,Horcajuelo de la Sierra,ES,0
2413019,0101000020E61000003A53E8BCC6AE0CC0B0A71DFE9A884440,Horcajo de la Sierra,ES,0
2413027,0101000020E61000005B50DF32A78B04C0C35565DF15054440,Horcajada de la Torre,ES,0
2413036,0101000020E6100000C73CF207034F08C011A5BDC1173A4440,Hontoba,ES,229
2413038,0101000020E6100000577380608EDE04C04E70B1A2064B4440,Hontanillas,ES,0
2413042,0101000020E6100000D91B7C61321506C0685721E5276D4440,Hontanares,ES,0
2413047,0101000020E6100000C75EEFFE782F04C00C71AC8BDBAC4440,Hontalbilla de Almazán,ES,0
2413079,0101000020E61000003CE8D9ACFA5C08C0D9FE959526694440,Hita,ES,300
2413097,0101000020E61000008EC70C54C6FF07C04D452A8C2DA04440,Hijes,ES,20
2413109,0101000020E6100000D54CBED9E60608C0D7D825AAB78A4440,Hiendelaencina,ES,143
2413187,0101000020E61000002BB29DEFA7C608C0CC069964E4644440,Heras,ES,0
2413190,0101000020E610000045D3D9C9E0A805C04E92AE997C5B4440,Henche,ES,119
2413303,0101000020E61000008026C286A79704C00CC347C4948C4440,Guijosa,ES,0
2413384,0101000020E6100000E68C28ED0D7E05C079A52C431C574440,Gualda,ES,0
2413403,0101000020E6100000920ED6FF398C0DC08455BC9179644440,Guadalix de la Sierra,ES,4970
2413408,0101000020E61000005BDC4603784B09C045CEC29E76504440,Guadalajara,ES,83039
2413489,0101000020E6100000CBCCCCCCCCCC08C04F36E50AEF0E4440,Granja Arenales,ES,0
2413568,0101000020E6100000621EF98381E70CC0DC989EB0C4AF4440,Grajera,ES,107
2413574,0101000020E6100000AF8A37328FFC09C0E5965643E2A64440,Grado del Pico,ES,0
2413585,0101000020E6100000B085200725CC0CC0163E22A6441E4440,Gózquez de Arriba,ES,0
2413586,0101000020E6100000D6F50B76C3760CC09847FE60E01D4440,Gózquez de Abajo,ES,0
2413870,0101000020E61000004633164D672708C010FC6F253B924440,Gascueña de Bornova,ES,54
2413871,0101000020E61000002D1C08C9022604C0A5B393C151264440,Gascueña,ES,150
2413872,0101000020E61000004EC763062A230DC0F3A10BEA5B824440,Gascones,ES,178
2413913,0101000020E6100000FD9AAC510F1105C0FFFFFFFFFF5F4440,Gárgoles de Arriba,ES,0
2413914,0101000020E610000033D252793B0205C091054CE0D65D4440,Gárgoles de Abajo,ES,0
2413927,0101000020E6100000B61E85EB51780DC0D87745F0BF754440,Garganta de los Montes,ES,365
2413944,0101000020E61000005014E813791206C00B37E0F3C31C4440,Garcinarro,ES,0
2413952,0101000020E6100000C29E76F86B7203C0AD64C74620864440,Garbajosa,ES,0
2413977,0101000020E61000006B8B321B64D20CC09174CDE49B814440,Gandullas,ES,0
2414014,0101000020E6100000630113B8757709C01C03B2D7BB9B4440,Galve de Sorbe,ES,133
2414100,0101000020E6100000E5797077D6AE0AC0E860FD9FC3584440,Galápagos,ES,833
2414109,0101000020E6100000F86184F0682307C05548F949B56B4440,Gajanejos,ES,64
2414155,0101000020E61000000C71AC8BDB6801C0054CE0D6DD3C4440,Fuertescusa,ES,126
2414156,0101000020E6100000A5AE7C96E74109C0656B7D91D00E4440,Fuentidueña de Tajo,ES,1673
2414183,0101000020E610000023D6E253008C07C00D4FAF9465604440,Fuentes de la Alcarria,ES,0
2414195,0101000020E6100000395D16139B4F02C0B04B546F0D144440,Fuentesclaras del Chillarón,ES,0
2414201,0101000020E6100000D7D825AAB78603C0ED8FF7AA95214440,Fuentesbuenas,ES,0
2414205,0101000020E6100000630113B8757709C01530815B77174440,Fuentesaúco,ES,0
2414228,0101000020E61000005D419AB168BA08C01EBAA0BE652E4440,Fuentenovilla,ES,378
2414235,0101000020E6100000549FABADD8DF07C039CC971760434440,Fuentelviejo,ES,54
2414245,0101000020E6100000398DB454DE0E07C057C51B9947424440,Fuentelencina,ES,237
2414253,0101000020E6100000A82B9FE579700AC0F76BB2463D644440,Fuentelahiguera de Albatages,ES,166
2414262,0101000020E61000007FB2295778170CC04B158C4AEA504440,Fuente el Saz,ES,5524
2414304,0101000020E610000060F8889812C908C0B5DB2E34D7754440,Fuencemillán,ES,103
2414305,0101000020E6100000630113B875770DC0FFFFFFFFFF3F4440,Fuencarral,ES,0
2414307,0101000020E61000007A319413EDAA03C060C3D32B65914440,Fuencaliente de Medina,ES,0
2414358,0101000020E6100000F00703CFBD470BC079C7293A924B4440,Fresno de Torote,ES,1723
2414370,0101000020E610000028E8F692C6280DC010FC6F253BB24440,Fresno de la Fuente,ES,83
2414373,0101000020E6100000E3D022DBF9FE0BC08F31772D21AF4440,Fresno de Cantespino,ES,285
2414401,0101000020E6100000072E56D4605A0DC0BC9F1A2FDDA04440,Fresneda de Sepúlveda,ES,0
2414403,0101000020E6100000DCEA39E97D2301C057349D9D0C324440,Fresneda de la Sierra,ES,73
2414465,0101000020E6100000CBCCCCCCCCCC0AC0AFC91AF510B14440,Francos,ES,0
2414639,0101000020E6100000FA1D8A027D6209C0135CACA8C15C4440,Fontanar,ES,1393
2415062,0101000020E6100000C5A2E9EC643004C06B26DF6C73874440,Estriégana,ES,24
2415065,0101000020E6100000CBCCCCCCCCCC08C01530815B77174440,Estremera,ES,1180
2415088,0101000020E61000003BA583F57F8E03C06ED8B628B38D4440,Esteras de Medina,ES,0
2415104,0101000020E6100000EF85C954C1A80AC0B437F8C264AE4440,Estebanvela,ES,0
2415140,0101000020E61000006D693524EE3100C084949F54FB804440,Establés,ES,52
2415164,0101000020E61000009B6340F67AF702C01183C0CAA16D4440,Esplegares,ES,52
2415178,0101000020E6100000C9E02879758E08C08F88299144734440,Espinosa de Henares,ES,668
2415306,0101000020E6100000267E8CB96B0908C013B35E0CE5344440,Escopete,ES,74
2415333,0101000020E61000003E575BB1BF6C08C0FFC53368E8334440,Escariche,ES,222
2415349,0101000020E6100000531D7233DC8004C07AD5CA845F464440,Escamilla,ES,104
2415361,0101000020E61000008004C58F313700C073417DCB9C624440,Escalera,ES,0
2415444,0101000020E6100000630113B875770DC03233333333334440,Entrevías,ES,0
2415507,0101000020E61000007F3E912749570DC08533BF9A03B04440,Encinas,ES,69
2415528,0101000020E6100000FD9AAC510F1101C0AFC91AF510114440,Embid,ES,0
2415546,0101000020E6100000BF8BBE8234A30CC09F89B0E1E9614440,El Vellón,ES,1293
2415560,0101000020E6100000C0120F289B720AC0712EC55565834440,El Vado,ES,0
2415571,0101000020E6100000DF9C11A5BD8100C0C0120F289B464440,El Tobar,ES,0
2415585,0101000020E61000000F363CBD521605C0688CD651D5704440,El Sotillo,ES,50
2415586,0101000020E6100000016553AEF0EE08C04F36E50AEF4E4440,El Sotillo,ES,0
2415626,0101000020E6100000F1B0506B9AB702C0644E97C5C44E4440,El Recuenco,ES,90
2415657,0101000020E61000009F3715A9303602C08EA50F5D504F4440,El Pozuelo,ES,116
2415666,0101000020E6100000BA96900F7A360CC03B6BB75D68264440,El Porcal,ES,0
2415679,0101000020E610000034C8242367E10BC0A21EA2D11D2C4440,El Piul,ES,0
2415729,0101000020E6100000016553AEF0EE08C0AFC91AF510914440,El Ordial,ES,45
2415730,0101000020E610000076978BF84E4C0DC0727B4963B4A64440,El Olmo,ES,0
2415732,0101000020E61000007280608E1EFF05C003392861A64D4440,El Olivar,ES,153
2415734,0101000020E61000004D5DF92CCF830AC0982A1895D4A94440,El Negredo,ES,0
2415735,0101000020E610000092D920938C1C0CC0EAFF1CE6CB334440,El Negralejo,ES,0
2415736,0101000020E61000005F545227A0890AC0DAD7817346A44440,El Muyo,ES,0
2415748,0101000020E6100000BF8BBE8234A30CC018E25817B75D4440,El Molar,ES,5051
2415804,0101000020E61000007D52EDD3F1980DC0E4797077D6464440,El Goloso,ES,0
2415825,0101000020E610000082F068E388750AC0F6E978CC40894440,El Espinar,ES,0
2415830,0101000020E6100000A34E401361430CC0FB3559A31E624440,El Espartal,ES,0
2415834,0101000020E61000001F59C0046E5D0AC05BE15D2EE2434440,El Encín,ES,0
2415850,0101000020E61000007914AE47E13A0BC03D5C72DC29694440,El Cubillo de Uceda,ES,119
2415852,0101000020E6100000335EBA490C420DC036842A357B784440,El Cuadrón,ES,0
2415905,0101000020E61000007F21AB5B3D670BC0822A357BA0594440,El Casar de Talamanca,ES,0
2415915,0101000020E61000007DA4880CABB80BC0B0169F02608C4440,El Cardoso de la Sierra,ES,72
2415925,0101000020E61000008C1EBFB7E94F09C020C8410933594440,El Cañal,ES,0
2415968,0101000020E6100000B97EC16ED8760CC07432384A5E714440,El Berrueco,ES,498
2415991,0101000020E6100000380664AF77BF0BC0C0E270E657774440,El Atazar,ES,108
2415992,0101000020E61000001CDC9DB5DB2E06C0FA5C6DC5FE8A4440,El Atance,ES,0
2416090,0101000020E61000001834F44F70310DC09E54FB743C9E4440,Duruelo,ES,140
2416094,0101000020E6100000C6F484251ED005C0291895D409504440,Durón,ES,184
2416096,0101000020E61000006F55D97745700DC02F08AC1C5AA44440,Duratón,ES,0
2416117,0101000020E6100000F5065F984C5508C0471630815B1F4440,Driebes,ES,360
2416305,0101000020E610000015F19D98F5A20BC03502F1BA7E454440,Daganzo de Arriba,ES,7242
2416370,0101000020E6100000AC69DE718A0E03C0385D16139B1B4440,Culebras,ES,0
2416386,0101000020E61000007858A835CD3B00C0E5913F1878664440,Cuevas Minadas,ES,0
2416387,0101000020E6100000B376DB85E6BA00C02CCF83BBB3664440,Cuevas Labradas,ES,0
2416391,0101000020E61000009C853DEDF05703C032164D6727134440,Cuevas de Velasco,ES,0
2416397,0101000020E610000007C4EBFA057B0AC07B96E7C1DDB14440,Cuevas de Ayllón,ES,0
2416409,0101000020E610000026DA5548F94900C0DDA63FFB914A4440,Cueva del Hierro,ES,50
2416456,0101000020E6100000FD9AAC510F1101C0E9CF7EA488084440,Cuenca,ES,55866
2416510,0101000020E6100000101E6D1CB15604C09F8499B67F8D4440,Cubillas del Pinar,ES,0
2416730,0101000020E61000001F938C9C857D0CC074594C6C3E364440,Coslada,ES,90280
2416752,0101000020E610000031333333333303C09899999999994440,Corvesin,ES,0
2416779,0101000020E610000073C8CD70037E0CC024AAB706B6064440,Cortijo de San Isidro,ES,0
2416785,0101000020E6100000A4315A4755D303C0E15817B7D1784440,Cortes de Tajuña,ES,0
2416843,0101000020E6100000F5E978CC40250DC07C7901F6D1A54440,Corralejo,ES,0
2416844,0101000020E61000008E88299144EF0AC09504A8A9658B4440,Corralejo,ES,0
2416846,0101000020E6100000BC60376C5B940DC0CBE9B298D8A44440,Corral de Duratón,ES,0
2416847,0101000020E6100000B2075A8121AB0BC09179E40F06B24440,Corral de Ayllón,ES,96
2416855,0101000020E6100000BED4CF9B8A140AC05FB01BB62D364440,Corpa,ES,547
2416942,0101000020E6100000989EB0C4034A05C0DF4A766C043E4440,Córcoles,ES,0
2416966,0101000020E610000056569A94826E08C0F9912232AC6E4440,Copernal,ES,21
2416987,0101000020E6100000973446EBA8AA04C09899999999994440,Conquezuela,ES,0
2416994,0101000020E610000033F44F70B1E207C07DDE54A4C2844440,Congostrina,ES,48
2417015,0101000020E61000008B7F9F71E10009C0EAC5504EB49B4440,Condemios de Arriba,ES,187
2417016,0101000020E6100000CBCCCCCCCCCC08C01C03B2D7BB9B4440,Condemios de Abajo,ES,30
2417076,0101000020E61000006466666666660AC03233333333334440,Colonia de Valverde,ES,0
2417090,0101000020E610000083B69C4B71150BC08A6CE7FBA90D4440,Colmenar de Oreja,ES,6968
2417092,0101000020E6100000AD08FEB7921D0BC0588B4F01308A4440,Colmenar de la Sierra,ES,0
2417098,0101000020E6100000907EFB3A70CE01C0722497FF90064440,Colliguilla,ES,0
2417099,0101000020E61000009FFD4811191602C0E5FBA9F1D2054440,Cólliga,ES,0
2417117,0101000020E61000009ECDAACFD59601C0840838842A214440,Collados,ES,0
2417170,0101000020E61000002C431CEBE2B608C0AF20CD5834794440,Cogolludo,ES,633
2417174,0101000020E61000004D62105839F405C0858F8829916C4440,Cogollor,ES,39
2417207,0101000020E6100000B6627FD93DF900C06CA301BC058A4440,Codes,ES,0
2417228,0101000020E6100000F97953910A2301C073B515FBCB6E4440,Cobeta,ES,111
2417231,0101000020E6100000FEFFFFFFFFFF0BC0E9CF7EA488484440,Cobeña,ES,3933
2417260,0101000020E6100000A0F831E6AE2501C054C1A8A44E844440,Clares,ES,0
2417283,0101000020E61000008F882991442F0DC0C932C4B12E3A4440,Ciudad Lineal,ES,228171
2417305,0101000020E610000015139B8F6BC301C0EE5014E813814440,Ciruelos,ES,47
2417307,0101000020E610000070F90FE9B7AF08C0E9909BE106604440,Ciruelas,ES,98
2417309,0101000020E61000008A101E6D1CF105C07D3A1E33508D4440,Cirueches,ES,0
2417336,0101000020E6100000C0FF56B263A30BC02C5BEB8B84AA4440,Cincovillas,ES,0
2417337,0101000020E6100000B11188D7F58B06C02DAD86C43D9A4440,Cincovillas,ES,39
2417338,0101000020E6100000C793A46B26DF0CC06549809A5A7A4440,Cinco Villas,ES,0
2417391,0101000020E61000005E29CB10C7FA04C005BB61DBA2644440,Cifuentes,ES,2026
2417401,0101000020E6100000D5AD9E93DEF70CC0FEE7305F5E144440,Ciempozuelos,ES,22132
2417463,0101000020E6100000A60018CFA0610BC01773D712F2114440,Chinchón,ES,4886
2417468,0101000020E6100000F00703CFBD4709C06F253B3602494440,Chiloeches,ES,1791
2417469,0101000020E61000007F43A852B38705C0848F8829914C4440,Chillarón del Rey,ES,120
2417470,0101000020E6100000F4673F5244C601C0A7A9656B7D0D4440,Chillarón de Cuenca,ES,474
2417484,0101000020E610000062EE5A423E6802C0B9313D6189AF4440,Chércoles,ES,0
2417523,0101000020E61000000512143FC6DC01C08F4946CEC2924440,Chaorna,ES,0
2417558,0101000020E6100000EDC9C342AD690DC0156536C8243B4440,Chamartín,ES,140000
2417621,0101000020E61000000DB4024356370CC04A1FBAA0BE754440,Cervera de Buitrago,ES,130
2417671,0101000020E61000007AB8E4B853FA08C0B1295778976F4440,Cerezo de Mohernando,ES,0
2417672,0101000020E610000047FE60E0B9770CC0D6817346949E4440,Cerezo de Arriba,ES,186
2417673,0101000020E6100000B176DB85E6BA0CC0F17B9BFEEC9B4440,Cerezo de Abajo,ES,200
2417709,0101000020E61000000F363CBD521605C09CBAF2599E4F4440,Cereceda,ES,0
2417732,0101000020E61000002DAD86C43D5606C099E61DA7E8944440,Cercadillo,ES,0
2417757,0101000020E61000000B71AC8BDB6808C015BCE82B48534440,Centenera,ES,98
2417772,0101000020E61000002E9E4143FF0407C0332E1C08C97E4440,Cendejas del Padrastro,ES,0
2417773,0101000020E6100000912232ACE2CD06C092C6681D557D4440,Cendejas de la Torre,ES,64
2417774,0101000020E6100000CF61BEBC00FB06C0AE7C96E7C17D4440,Cendejas de en Medio,ES,0
2418034,0101000020E61000009E8EC70C544608C0DD4F8D976EA64440,Castro,ES,0
2418097,0101000020E610000031FE7DC685430CC02E698CD651B14440,Castiltierra,ES,0
2418103,0101000020E61000006C693524EE3106C054D97745F05B4440,Castilmimbre,ES,0
2418115,0101000020E610000009EF7211DFC90BC0FF8650A566374440,Castillo de Aldovea,ES,0
2418117,0101000020E6100000A1CC0699642403C034D252793B264440,Castillo-Albaráñez,ES,22
2418128,0101000020E610000000DE02098A1F01C0CDC29E76F82F4440,Castillejo-Sierra,ES,44
2418131,0101000020E6100000385D16139BCF0CC08616D9CEF7A34440,Castillejo de Mesleón,ES,153
2418133,0101000020E61000007AA01518B2FA03C0A57EDE54A4124440,Castillejo del Romeral,ES,0
2418143,0101000020E6100000A0F31ABB447503C07936AB3E57474440,Castilforte,ES,52
2418151,0101000020E61000006C904946CE8207C04F66834C327A4440,Castilblanco de Henares,ES,0
2418265,0101000020E610000098081B9E5E2904C0A8F6E978CC304440,Castejón,ES,215
2418258,0101000020E6100000EA2FBB270F4B06C0A909A2EE03784440,Castejón de Henares,ES,108
2418305,0101000020E6100000BB00FBE8D4D507C0BCD9E6C6F4584440,Caspueñas,ES,96
2418313,0101000020E6100000FDE7305F5E400DC0AF3DB32440954440,Casla,ES,174
2418321,0101000020E6100000A010018750E506C01A2FDD2406A14440,Casillas,ES,0
2418349,0101000020E6100000B25E0CE544FB0BC0ED5A423EE8B14440,Cascajares,ES,0
2418374,0101000020E6100000285C8FC2F5A807C00D7F4DD6A86F4440,Casas de San Galindo,ES,32
2418390,0101000020E6100000C4C4E6E3DA1005C08CAF3DB324444440,Casasana,ES,0
2418430,0101000020E61000006B3997E2AAF20AC0E2839ECDAA6B4440,Casa de Uceda,ES,114
2418434,0101000020E610000032C4B12E6E6307C0281DACFF73044440,Casa de la Vega,ES,0
2418435,0101000020E61000008E31772D215F0CC061670A9DD7284440,Casa de Eulogio,ES,0
2418441,0101000020E61000003EDEAB56267C0BC0D95031CEDF3C4440,Casa Blanca,ES,0
2418502,0101000020E6100000E02879758E0105C05C2EE23B31174440,Carrascosilla,ES,0
2418503,0101000020E61000003970CE88D2DE03C085200725CC5C4440,Carrascosa de Tajo,ES,0
2418504,0101000020E6100000BD9F1A2FDDE405C09287855AD3044440,Carrascosa del Campo,ES,0
2418506,0101000020E6100000FC0E45813E1108C0EA73B515FB734440,Carrascosa de Henaves,ES,0
2418507,0101000020E6100000012670EB6E1E09C09864E42CECAD4440,Carrascosa de Arriba,ES,0
2418510,0101000020E610000003E78C28ED4D01C0B1463D44A34B4440,Carrascosa,ES,113
2418616,0101000020E6100000F66BB2463DC406C03AC780ECF58E4440,Cardeñosa,ES,0
2418753,0101000020E610000021A64412BD8C04C07B0A80F10C124440,Caracenilla,ES,0
2418754,0101000020E6100000CBB4FD2B2B4D04C059F5B9DA8A114440,Caracena del Valle,ES,0
2418756,0101000020E6100000232367614FBB08C004C078060DB14440,Caracena,ES,17
2418761,0101000020E610000055957D5704BF05C04065FCFB8C8B4440,Carabias,ES,0
2418767,0101000020E6100000DD1AD82AC1E209C0E2AAB2EF8A204440,Carabaña,ES,1491
2418812,0101000020E6100000630113B875770BC06566666666264440,Canteras del Morro,ES,0
2418823,0101000020E61000009BA73AE466F809C0CADB114E0B9E4440,Cantalojas,ES,142
2418840,0101000020E6100000A3F78DAF3DF303C0F8DA334B02684440,Canredondo,ES,120
2418861,0101000020E6100000270AF4893C8901C0B437F8C264424440,Cañizares,ES,595
2418864,0101000020E6100000162B6A300D8308C0D6B628B341624440,Cañizar,ES,104
2418869,0101000020E6100000588B4F0130DE0CC019170E8464394440,Canillejas,ES,0
2418874,0101000020E6100000D6A3703D0A170DC07853910A633B4440,Canillas,ES,0
2418879,0101000020E61000005C4BC8073DDB08C06358C51B99AB4440,Cañicera,ES,0
2418975,0101000020E6100000CFF23CB83B2B03C0D7429083122E4440,Cañaveras,ES,397
2418974,0101000020E6100000B6B41A12F71805C0864677103B334440,Cañaveruelas,ES,197
2418983,0101000020E6100000F0D24D62109807C06BCA15DEE59A4440,Cañamares,ES,0
2418984,0101000020E610000024CCB4FD2BEB01C0CA67791EDC394440,Cañamares,ES,623
2418992,0101000020E6100000E522BE13B3DE02C031384A5E9D674440,Canales del Ducado,ES,0
2419002,0101000020E610000086DC0C37E0F303C0B9490C022B2F4440,Canalejas del Arroyo,ES,398
2419060,0101000020E6100000FD9AAC510F110BC04863B48EAA2A4440,Campo Real,ES,3772
2419109,0101000020E6100000FC9AAC510F1109C08169183E22A24440,Campisábalos,ES,67
2419115,0101000020E6100000307216F6B4830AC080902C60028B4440,Campillo de Ranas,ES,199
2419127,0101000020E6100000A5ED5F5969520AC01B25AFCE31884440,Campillejo,ES,0
2419222,0101000020E61000007758A835CDFB0AC0D72AC1E270464440,Camarma de Esteruelas,ES,5032
2419469,0101000020E6100000C14CDBBFB2D206C06BC5FEB27BB24440,Cabreriza,ES,0
2419486,0101000020E6100000BEB7E9CF7EE402C0A5CB6262F3054440,Cabrejas,ES,0
2419512,0101000020E6100000DABFB2D2A45400C0D569A4A5F29A4440,Cabolafuente,ES,66
2419521,0101000020E6100000725E6397A81E0BC02AF697DD938F4440,Cabida,ES,0
2419576,0101000020E6100000D87745F0BFD509C0A8C1340C1F514440,Cabanillas del Campo,ES,7194
2419577,0101000020E61000003A3602F1BAFE0CC067E388B5F8684440,Cabanillas de la Sierra,ES,621
2419582,0101000020E610000087EFC4AC170303C0D70DDB1665B24440,Cabanillas,ES,0
2419719,0101000020E610000099FEEC478A8808C0AFC91AF510914440,Bustares,ES,98
2419822,0101000020E61000007DA4880CABB805C0D30968226C904440,Bujalcayado,ES,0
2419813,0101000020E610000054185B08721004C04C621058398C4440,Bujarrabal,ES,0
2419823,0101000020E6100000FC9AAC510F1107C03F4D2D5BEB774440,Bujalaro,ES,80
2419828,0101000020E610000016E25817B7110DC09ECDAACFD57E4440,Buitrago del Lozoya,ES,1811
2419854,0101000020E61000003C7958A8350D06C0FA22A12DE72E4440,Buendía,ES,474
2419860,0101000020E61000001518B2BAD5B301C0D838622D3E694440,Buenafuente del Sistal,ES,0
2419861,0101000020E6100000FEFFFFFFFFFFFFBFAFC91AF510114440,Buenache de la Sierra,ES,116
2419870,0101000020E6100000E097FA79531106C07DBC57AD4C504440,Budia,ES,271
2419875,0101000020E61000003233333333B303C06B21C841092B4440,Buciegas,ES,62
2419945,0101000020E6100000022670EB6E9E07C0412619390BB34440,Brías,ES,0
2419964,0101000020E6100000CBCCCCCCCCCC08C07C96E7C1DD1D4440,Brea de Tajo,ES,481
2420122,0101000020E61000003D355EBA49CC05C0DA2E34D769B04440,Bordecorex,ES,0
2420148,0101000020E61000004B378941606504C01A9E5E29CB184440,Bonilla,ES,0
2420167,0101000020E61000007667EDB60B0D03C01A9E5E29CB204440,Bólliga,ES,0
2420180,0101000020E6100000F97953910AA306C042E73576892E4440,Bolarque,ES,0
2420271,0101000020E6100000A145B6F3FD9403C0203CDA38629D4440,Blocona,ES,0
2420231,0101000020E61000000C677E3507480BC010018750A58E4440,Bocígano,ES,0
2420232,0101000020E6100000F34A598638D606C0318FFCC1C09F4440,Bochones,ES,0
2420234,0101000020E6100000EA866D8B321B0DC00F069E7B0FAB4440,Boceguillas,ES,678
2420368,0101000020E6100000245D33F9669B00C0AF20CD5834494440,Beteta,ES,402
2420401,0101000020E610000027D027F224290CC0CB3B4ED1917C4440,Berzosa del Lozoya,ES,184
2420458,0101000020E610000045D3D9C9E06806C0E0067C7E18494440,Berninches,ES,122
2420483,0101000020E6100000CE31207BBDBB09C07C96E7C1DD5D4440,Berjafel,ES,0
2420518,0101000020E6100000E153008C67900CC0C776BE9F1AB34440,Bercimuel,ES,85
2420598,0101000020E6100000C247C494486203C0AACFD556EC8B4440,Benamira,ES,0
2420611,0101000020E6100000C27762D68B610CC0D573D2FBC6474440,Belvis de Jarama,ES,0
2420615,0101000020E61000007F48BF7D1DB803C0D37D00529B9C4440,Beltejar,ES,0
2420623,0101000020E610000070F90FE9B7AF0AC0EEBF95ECD8104440,Belmonte de Tajo,ES,1199
2420651,0101000020E610000035C30DF8FC7008C04351A04FE4054440,Belinchón,ES,356
2420660,0101000020E61000003CAE0D15E37C09C01804560E2D764440,Beleña de Sorbe,ES,0
2420717,0101000020E6100000405BCEA5B8EA0AC05AD3BCE314A54440,Becerril,ES,0
2420810,0101000020E610000016821C9430D301C0326DFFCA4A1B4440,Bascuñana de San Pedro,ES,36
2420873,0101000020E6100000A1629CBF090506C021AB5B3D27654440,Barriopedro,ES,33
2421010,0101000020E610000063CC5D4BC88706C0CA0BB08F4EA54440,Barcones,ES,41
2421079,0101000020E61000008711C2A38D630DC0E7A4F78DAFA94440,Barbolla,ES,247
2421090,0101000020E610000071FE261422A004C0B1632310AF874440,Barbatona,ES,0
2421127,0101000020E61000002EDD2406815507C0C5293A92CB0F4440,Barajas de Melo,ES,805
2421128,0101000020E61000001CE1B4E0459F0CC030B610E4A03C4440,Barajas de Madrid,ES,43423
2421132,0101000020E6100000E4CB0BB08F8E0CC03D963E7441AD4440,Barahona de Fresno,ES,0
2421133,0101000020E6100000A99A20EA3E4005C0FC4D2844C0A54440,Barahona,ES,0
2421161,0101000020E610000034E50AEF725107C01A2AC6F99BA44440,Bañuelos,ES,20
2421263,0101000020E6100000E2BD6A65C22F07C0163E22A644524440,Balconete,ES,0
2421271,0101000020E610000076D66EBBD0DC00C027F224E99A854440,Balbacil,ES,0
2421296,0101000020E6100000D73D7958A83506C021FDF675E0804440,Baides,ES,59
2421314,0101000020E6100000630113B875770BC09999999999394440,Baezuela,ES,0
2421340,0101000020E61000004C9CDCEF50140AC0D3601A868F484440,Azuqueca de Henares,ES,32744
2421371,0101000020E610000046205ED72F5803C0EFBF95ECD8904440,Azcamellas,ES,0
2421378,0101000020E61000009881CAF8F75904C0CD88D2DEE0574440,Azañón,ES,0
2421440,0101000020E61000002B0E677E358702C092DE37BEF6944440,Avenales,ES,0
2421476,0101000020E6100000D6A3703D0A5706C04F8369183E424440,Auñón,ES,254
2421491,0101000020E61000009BA73AE466F806C0FC0E45813E994440,Atienza,ES,433
2421655,0101000020E610000025C286A7570A09C0F692C6681D8D4440,Arroyo de las Fraguas,ES,42
2421726,0101000020E610000072BA2C2636DF02C0D612F241CF264440,Arrancacepas,ES,39
2421778,0101000020E61000000998C0ADBB3908C087687407B1434440,Armuña de Tajuña,ES,129
2421817,0101000020E61000007801F6D1A96B02C0C932C4B12E5E4440,Armallones,ES,60
2421840,0101000020E610000020C84109336D00C0A89A20EA3EA84440,Ariza,ES,1302
2421907,0101000020E6100000C0340C1F119306C0688CD651D5704440,Argecilla,ES,98
2421925,0101000020E6100000C74109336D7F0BC0F2F8BD4D7F264440,Arganda,ES,51489
2421965,0101000020E6100000F53B1405FAC406C0F7DF4A766CAC4440,Arenillas,ES,29
2422009,0101000020E6100000B96B09F9A0E700C021BE13B35E2C4440,Arcos de la Sierra,ES,109
2422011,0101000020E610000028965B5A0DC901C0F046E6913F104440,Arcos de la Cantera,ES,0
2422012,0101000020E610000089B0E1E9953202C0B1463D44A39B4440,Arcos de Jalón,ES,1867
2422049,0101000020E6100000F592C6681D5507C0874B8E3BA5574440,Archilla,ES,0
2422077,0101000020E6100000452575029A0803C0EFBF95ECD8904440,Arbujuelo,ES,0
2422096,0101000020E61000009BBF0985083803C0D152793BC2554440,Arbeteta,ES,59
2422102,0101000020E6100000063D9B559FEB08C0C01C3D7E6F7B4440,Arbancón,ES,197
2422132,0101000020E61000000CA661F8889808C02C26361FD73E4440,Aranzueque,ES,394
2422146,0101000020E61000006D2F698CD6D10CC0A3C7EF6DFA034440,Aranjuez,ES,54055
2422158,0101000020E6100000E00B93A9821103C0A752B3075A414440,Arandilla del Arroyo,ES,36
2422189,0101000020E6100000510ABABDA4B105C01B42959A3D7C4440,Aragosa,ES,0
2422193,0101000020E610000003560E2DB25D00C0EAA86A82A8774440,Aragoncillo,ES,0
2422224,0101000020E610000080734694F6C60CC01C6D1CB116874440,Aoslos,ES,0
2422270,0101000020E6100000B2295778970B01C006D3307C447C4440,Anquela del Ducado,ES,87
2422304,0101000020E610000069F12900C67306C032A7CB6262374440,Anguix,ES,0
2422305,0101000020E61000006B3997E2AAF202C04733164D67834440,Anguita,ES,254
2422386,0101000020E61000002E34D769A4250AC0A9E7A4F78D3B4440,Anchuelo,ES,540
2422388,0101000020E6100000AC510FD1E80E00C0B2EF8AE07F834440,Anchuela del Campo,ES,0
2422461,0101000020E6100000FD481119567109C06CC5FEB27B2A4440,Ambite,ES,381
2422450,0101000020E6100000963446EBA8AA0CC0B69C4B7155354440,Ambroz,ES,0
2422453,0101000020E61000006F5F07CE191104C03D7958A835954440,Ambrona,ES,0
2422536,0101000020E6100000227F30F0DC3B0BC00E289B7285A74440,Alquité,ES,0
2422542,0101000020E6100000BD2B82FFAD6407C009D28C45D39D4440,Alpedroches,ES,0
2422543,0101000020E6100000CA457C27663D0BC062D1747632744440,Alpedrete de la Sierra,ES,0
2422548,0101000020E6100000921D1B81785D05C003E78C28EDA14440,Alpanseque,ES,99
2422551,0101000020E61000006449809A5AF609C00525CCB4FD4B4440,Alovera,ES,10734
2422560,0101000020E61000007150C24CDBFF05C059F5B9DA8A494440,Alocén,ES,181
2422573,0101000020E6100000AE25E4839ECD06C098F56228272A4440,Almonacid de Zorita,ES,825
2422581,0101000020E610000023B9FC87F4DB07C08A54185B08264440,Almoguera,ES,0
2422586,0101000020E61000008C1EBFB7E9CF09C0BB74931804864440,Almiruete,ES,0
2422614,0101000020E610000082DDB06D512602C0120A117008A54440,Almaluez,ES,243
2422619,0101000020E61000005222895E463106C0878043A852734440,Almadrones,ES,116
2422649,0101000020E61000000EB9196EC02705C0391E3350194B4440,Alique,ES,38
2422663,0101000020E6100000D4CF9B8A549806C0AA90F2936A434440,Alhóndiga,ES,242
2422670,0101000020E610000010DA722EC55505C07919C5724B7B4440,Algora,ES,109
2422672,0101000020E6100000EC647094BCFA0BC0A90EB9196E4C4440,Algete,ES,20204
2422677,0101000020E61000005EC8EA56CF4908C035E0F3C308154440,Algarga,ES,0
2422720,0101000020E6100000D46EBBD05C2709C0E6A90EB919764440,Aleas,ES,0
2422736,0101000020E61000007489EAAD816D0DC093C151F2EAAC4440,Aldeonte,ES,93
2422752,0101000020E6100000D022DBF97E2A0DC00608E6E8F19F4440,Aldehuela,ES,0
2422757,0101000020E6100000A09C685721650BC026B8585183054440,Aldehuela,ES,0
2422777,0101000020E6100000771EDC9DB55B0CC0DD718A8EE4AA4440,Aldeanueva del Monte,ES,0
2422779,0101000020E610000026B8585183E90CC0E76A2BF697AD4440,Aldeanueva del Campanario,ES,0
2422783,0101000020E610000095C5C4E6E35A08C02B9ACE4E06574440,Aldeanueva de Guadalajara,ES,116
2422787,0101000020E6100000CBCCCCCCCCCC08C0B69C4B7155954440,Aldeanueva de Atienza,ES,0
2422799,0101000020E61000007F5B77F354470BC070C971A774AC4440,Aldealázaro,ES,0
2422836,0101000020E610000007E6E8F17BDB04C08B153598868D4440,Alcuneza,ES,0
2422868,0101000020E6100000B27BF2B050EB04C00BEA5BE674354440,Alcohujate,ES,82
2422840,0101000020E61000000ECCD1E3F73604C0E8E74D452AA04440,Alcubilla de las Peñas,ES,76
2422851,0101000020E61000008AF84ECC7A3108C009DCBA9BA7824440,Alcorlo,ES,0
2422857,0101000020E61000005F7138F3ABF900C0099DD7D8259A4440,Alconchel de Ariza,ES,124
2422863,0101000020E6100000EBC039234ABB03C0A9656B7D91844440,Alcolea del Pinar,ES,424
2422864,0101000020E61000007F5B77F3544706C0EC9E3C2CD49A4440,Alcolea de las Peñas,ES,23
2422870,0101000020E61000008D75711B0DE004C07723F3C81F3C4440,Alcocer,ES,311
2422872,0101000020E6100000DE1AD82AC1220DC01FEF552B13464440,Alcobendas,ES,107514
2422885,0101000020E6100000107008556A7606C06A9F8EC70C084440,Alcázar del Rey,ES,213
2422890,0101000020E6100000EF6DFAB31FA902C01E2922C32A464440,Alcantud,ES,98
2422905,0101000020E6100000FCF15EB532E10AC0B5847CD0B33D4440,Alcalá de Henares,ES,204574
2422921,0101000020E6100000CCCCCCCCCCCC04C0AFC91AF510914440,Alboreca,ES,0
2422925,0101000020E610000049AB21718FA509C093F6065F98484440,Albolleque,ES,0
2422958,0101000020E61000005E02B7EEE66908C0673A3B191C9D4440,Albendiego,ES,37
2422959,0101000020E61000002B7DE882FA5603C0893C49BA663E4440,Albendea,ES,160
2422971,0101000020E6100000332905DD5E1208C03992CB7F48274440,Albares,ES,532
2422985,0101000020E61000000290DAC4C9BD06C02A9FE57970274440,Albalate de Zorita,ES,780
2422986,0101000020E61000009CD7D825AA3702C0F2E0EEACDD2E4440,Albalate de las Nogueras,ES,378
2422990,0101000020E610000067CBB914575501C0CBCCCCCCCC0C4440,Albaladejito,ES,0
2423010,0101000020E6100000A3BDC11726D308C0A90EB9196E6C4440,Alarilla,ES,121
2423017,0101000020E610000001CFBD874BCE05C0C2BB5CC4776E4440,Alaminos,ES,84
2423020,0101000020E61000006BC5FEB27B320DC039C780ECF5A24440,Alameda,ES,0
2423021,0101000020E6100000463D44A33BC80BC0E21934F44F504440,Alalpardo,ES,0
2423022,0101000020E61000000CF3E505D84707C0789274CDE4AF4440,Alaló,ES,0
2423042,0101000020E610000085A2409FC8D30BC01BEBE2361A444440,Ajalvir,ES,3096
2423106,0101000020E6100000E9CA67791EDC01C0D40451F7019C4440,Aguilar de Montuenga,ES,0
2423114,0101000020E61000002CCA6C90494603C00A59DDEA39854440,Aguilar de Anguita,ES,0
2423160,0101000020E6100000AD0D15E3FC0D03C042696FF085A54440,Aguaviva de la Vega,ES,0
2423227,0101000020E6100000981249F432CA03C067C6A2E9ECAC4440,Adradas,ES,84
2423325,0101000020E6100000E79FE06245CD01C0ECF5EE8FF7724440,Ablanque,ES,138
2423343,0101000020E6100000EFF96184F02803C0FBC6D79E59024440,Abia de la Obispalía,ES,88
2423408,0101000020E610000040481630819B07C04CDBBFB2D2B04440,Abanco,ES,0
2423410,0101000020E6100000A674B0FECFE103C08F0A630B41724440,Abánades,ES,106
2423920,0101000020E6100000EEA2AF20CD580DC0C4E6E3DA503D4440,Pinar de Chamartín,ES,30000
2423921,0101000020E610000001ECA353573E0DC0EB6987BF263F4440,PAU de Sanchinarro,ES,0
2423923,0101000020E61000008AB96B09F9600DC021E010AAD4404440,Las Tablas,ES,3000
2433314,0101000020E610000088B0E1E995F20BC0FA05BB61DB6E4440,Patones de Arriba,ES,0
2438726,0101000020E610000065F7E461A1D60CC09DEFA7C64B074440,Urbanización Ciudad Jardín,ES,0
2438809,0101000020E6100000C108E1D1C6910DC01DC4CE143A334440,Arganzuela,ES,148797
2438810,0101000020E61000002184471B47EC0CC0DB9DB5DB2E384440,San Blas,ES,157367
2438813,0101000020E6100000E1A59BC420700DC0F337A11001374440,Salamanca,ES,147707
2438817,0101000020E61000009D077767ED760DC01AD82AC1E2344440,Retiro,ES,126058
2438844,0101000020E610000017E25817B7910DC0F788981249344440,Atocha,ES,0
2438845,0101000020E6100000A1E9EC6470940DC03BF71E2E39364440,Chueca,ES,0
2438846,0101000020E61000003285CE6BEC920DC0357172BF43354440,Las Cortes,ES,0
2438850,0101000020E6100000C6242367618F0DC0D7648D7A88364440,Alonso Martínez,ES,0
2438851,0101000020E61000006E38F3AB39800DC0D681734694364440,Serrano,ES,0
2438854,0101000020E61000001F8E75711B8D0DC068E388B5F8384440,Nuevos Ministerios,ES,0
2439789,0101000020E6100000CD1951DA1B7C0DC0559FABADD8374440,Barrio Salamanca,ES,0
2442142,0101000020E61000003363D17476F20BC0B6B41A12F7084440,Balcon del Tajo,ES,0
2442171,0101000020E6100000438655BC91F907C0E0B4E0455F554440,Atanzón,ES,0
2442285,0101000020E6100000F2E0EEACDDF60BC02E8B89CDC7654440,Caraquiz,ES,200
2442720,0101000020E610000036D1AE42CACF0CC033A2B437F82E4440,Villa de Vallecas,ES,65162
2443210,0101000020E6100000C1F5285C8F820DC00980F10C1A4E4440,Soto de Viñuelas,ES,0
2447660,0101000020E6100000A10BEA5BE63401C0B7C2BB5CC4434440,Puente de Vadillos,ES,0
2450479,0101000020E61000009D3C2CD49AA60CC052910A630B394440,Las Mercedes,ES,0
2450481,0101000020E6100000B1852007258C0CC05A99F04BFD384440,Colonia Fin de Semana,ES,0
